{"cameraMode":{"drawMode":0,"name":"Shaded","section":"Shading Mode"},"sceneLighting":false,"audioPlay":false,"sceneViewState":{"showFog":true,"showMaterialUpdate":false,"showSkybox":false,"showFlares":true,"showImageEffects":true,"showParticleSystems":true},"in2DMode":false,"pivot":{"x":-8.806533813476563,"y":-20.49420166015625,"z":-49.483055114746097},"rotation":{"x":0.24428527057170869,"y":0.6613222360610962,"z":-0.24238531291484834,"w":0.6665035486221314},"size":19.363758087158204,"orthographic":false}